INSERT INTO city (id,name)VALUES (1,'City1');
INSERT INTO city (id,name)VALUES (2,'City2');
INSERT INTO city (id,name)VALUES (3,'City3');
-----------------------------------------
INSERT INTO street (id,name,city_id)VALUES (1,'street1',1);
INSERT INTO street (id,name,city_id)VALUES (2,'street2',1);
INSERT INTO street (id,name,city_id)VALUES (3,'street1',2);
INSERT INTO street (id,name,city_id)VALUES (4,'street2',2);
INSERT INTO street (id,name,city_id)VALUES (5,'street1',3);
-------------------------------------------
INSERT INTO supermarket (id,name,street_id,house_number)VALUES (1,'m1',1,1);
INSERT INTO supermarket (id,name,street_id,house_number)VALUES (2,'m2',1,2);
INSERT INTO supermarket (id,name,street_id,house_number)VALUES (3,'m3',2,3);
INSERT INTO supermarket (id,name,street_id,house_number)VALUES (4,'m4',2,4);
INSERT INTO supermarket (id,name,street_id,house_number)VALUES (5,'m5',2,5);
INSERT INTO supermarket (id,name,street_id,house_number)VALUES (6,'m6',3,6);
INSERT INTO supermarket (id,name,street_id,house_number)VALUES (7,'m7',3,8);
-------------------------------------------
INSERT INTO person (id,name,surname,birth_date)VALUES (1,'name1','surname1','2008-11-11');
INSERT INTO person (id,name,surname,birth_date)VALUES (2,'name2','surname2','2008-11-11');
INSERT INTO person (id,name,surname,birth_date)VALUES (3,'name3','surname3','2008-11-11');
INSERT INTO person (id,name,surname,birth_date)VALUES (4,'name4','surname4','2008-11-11');
INSERT INTO person (id,name,surname,birth_date)VALUES (5,'name5','surname5','2008-11-11');
INSERT INTO person (id,name,surname,birth_date)VALUES (6,'name6','surname6','2008-11-11');
INSERT INTO person (id,name,surname,birth_date)VALUES (7,'name7','surname7','2008-11-11');
INSERT INTO person (id,name,surname,birth_date)VALUES (8,'name8','surname8','2008-11-11');
INSERT INTO person (id,name,surname,birth_date)VALUES (9,'name9','surname9','2008-11-11');
INSERT INTO person (id,name,surname,birth_date)VALUES (10,'name10','surname10','2008-11-11');
-------------------------------------------
INSERT INTO contact_type (id,name)VALUES (1,'Type1');
INSERT INTO contact_type (id,name)VALUES (2,'Type2');
---------------------------------------------
INSERT INTO person_contact (id,person_id,contact_type_id,contact_value)VALUES (1,1,1,'Type1');
INSERT INTO person_contact (id,person_id,contact_type_id,contact_value)VALUES (2,2,2,'Type2');
INSERT INTO person_contact (id,person_id,contact_type_id,contact_value)VALUES (3,3,1,'Type1');
INSERT INTO person_contact (id,person_id,contact_type_id,contact_value)VALUES (4,4,2,'Type2');
INSERT INTO person_contact (id,person_id,contact_type_id,contact_value)VALUES (5,5,1,'Type1');
INSERT INTO person_contact (id,person_id,contact_type_id,contact_value)VALUES (6,6,2,'Type2');
INSERT INTO person_contact (id,person_id,contact_type_id,contact_value)VALUES (7,7,1,'Type1');
INSERT INTO person_contact (id,person_id,contact_type_id,contact_value)VALUES (8,8,2,'Type2');
INSERT INTO person_contact (id,person_id,contact_type_id,contact_value)VALUES (9,9,1,'Type1');
INSERT INTO person_contact (id,person_id,contact_type_id,contact_value)VALUES (10,10,2,'Type2');
INSERT INTO person_contact (id,person_id,contact_type_id,contact_value)VALUES (11,1,1,'Type1');
INSERT INTO person_contact (id,person_id,contact_type_id,contact_value)VALUES (12,2,2,'Type2');
INSERT INTO person_contact (id,person_id,contact_type_id,contact_value)VALUES (13,3,1,'Type1');
INSERT INTO person_contact (id,person_id,contact_type_id,contact_value)VALUES (14,4,2,'Type2');
INSERT INTO person_contact (id,person_id,contact_type_id,contact_value)VALUES (15,5,1,'Type1');
INSERT INTO person_contact (id,person_id,contact_type_id,contact_value)VALUES (16,6,2,'Type2');
INSERT INTO person_contact (id,person_id,contact_type_id,contact_value)VALUES (17,7,1,'Type1');
INSERT INTO person_contact (id,person_id,contact_type_id,contact_value)VALUES (18,8,2,'Type2');
INSERT INTO person_contact (id,person_id,contact_type_id,contact_value)VALUES (19,9,1,'Type1');
INSERT INTO person_contact (id,person_id,contact_type_id,contact_value)VALUES (20,10,2,'Type2');
-----------------------------------------------------------------------
INSERT INTO customer (person_id,card_number,discount)VALUES (1,921212121,1);
INSERT INTO customer (person_id,card_number,discount)VALUES (2,921212122,2);
INSERT INTO customer (person_id,card_number,discount)VALUES (3,921212123,3);
INSERT INTO customer (person_id,card_number,discount)VALUES (4,921212124,4);
INSERT INTO customer (person_id,card_number,discount)VALUES (5,921212125,5);
INSERT INTO customer (person_id,card_number,discount)VALUES (6,921212126,6);
INSERT INTO customer (person_id,card_number,discount)VALUES (7,921212127,7);
INSERT INTO customer (person_id,card_number,discount)VALUES (8,921212128,8);
INSERT INTO customer (person_id,card_number,discount)VALUES (9,921212129,9);
INSERT INTO customer (person_id,card_number,discount)VALUES (10,921212111,10);
----------------------------------------------------------------------------
INSERT INTO product_category (id,name)VALUES (1,'Category1');
INSERT INTO product_category (id,name)VALUES (2,'Category2');
INSERT INTO product_category (id,name)VALUES (3,'Category3');
---------------------------------------------------------------
INSERT INTO product_title (id,title,product_category_id)VALUES (1,'Title1',1);
INSERT INTO product_title (id,title,product_category_id)VALUES (2,'Title2',1);
INSERT INTO product_title (id,title,product_category_id)VALUES (3,'Title3',1);
INSERT INTO product_title (id,title,product_category_id)VALUES (4,'Title4',1);
INSERT INTO product_title (id,title,product_category_id)VALUES (5,'Title5',2);
INSERT INTO product_title (id,title,product_category_id)VALUES (6,'Title6',2);
INSERT INTO product_title (id,title,product_category_id)VALUES (7,'Title7',2);
INSERT INTO product_title (id,title,product_category_id)VALUES (8,'Title8',3);
INSERT INTO product_title (id,title,product_category_id)VALUES (9,'Title9',3);
INSERT INTO product_title (id,title,product_category_id)VALUES (10,'Title10',3);
------------------------------------------------------------------
INSERT INTO manufacturer (id,name)VALUES (1,'man1');
INSERT INTO manufacturer (id,name)VALUES (2,'man2');
INSERT INTO manufacturer (id,name)VALUES (3,'man3');
INSERT INTO manufacturer (id,name)VALUES (4,'man4');
----------------------------------------------------------------
INSERT INTO product (id,product_title_id,manufacturer_id,price,comment)VALUES (1,1,1,1,'c1');
INSERT INTO product (id,product_title_id,manufacturer_id,price,comment)VALUES (2,2,2,1,'c2');
INSERT INTO product (id,product_title_id,manufacturer_id,price,comment)VALUES (3,3,3,1,'c3');
INSERT INTO product (id,product_title_id,manufacturer_id,price,comment)VALUES (4,4,1,1,'c4');
INSERT INTO product (id,product_title_id,manufacturer_id,price,comment)VALUES (5,5,2,1,'c5');
INSERT INTO product (id,product_title_id,manufacturer_id,price,comment)VALUES (6,6,3,1,'c6');
INSERT INTO product (id,product_title_id,manufacturer_id,price,comment)VALUES (7,7,1,1,'c7');
INSERT INTO product (id,product_title_id,manufacturer_id,price,comment)VALUES (8,8,2,1,'c8');
INSERT INTO product (id,product_title_id,manufacturer_id,price,comment)VALUES (9,9,3,1,'c9');
INSERT INTO product (id,product_title_id,manufacturer_id,price,comment)VALUES (10,10,1,1,'c10');
INSERT INTO product (id,product_title_id,manufacturer_id,price,comment)VALUES (11,1,2,1,'c11');
INSERT INTO product (id,product_title_id,manufacturer_id,price,comment)VALUES (12,2,3,1,'c12');
INSERT INTO product (id,product_title_id,manufacturer_id,price,comment)VALUES (13,3,1,1,'c13');
INSERT INTO product (id,product_title_id,manufacturer_id,price,comment)VALUES (14,4,2,1,'c14');
INSERT INTO product (id,product_title_id,manufacturer_id,price,comment)VALUES (15,5,3,1,'c15');
INSERT INTO product (id,product_title_id,manufacturer_id,price,comment)VALUES (16,6,1,1,'c16');
INSERT INTO product (id,product_title_id,manufacturer_id,price,comment)VALUES (17,7,2,1,'c17');
INSERT INTO product (id,product_title_id,manufacturer_id,price,comment)VALUES (18,8,3,1,'c18');
INSERT INTO product (id,product_title_id,manufacturer_id,price,comment)VALUES (19,9,1,1,'c19');
INSERT INTO product (id,product_title_id,manufacturer_id,price,comment)VALUES (20,10,2,1,'c20');
-----------------------------------------------------------------------
INSERT INTO customer_order (id,operation_time,supermarket_id,customer_id)VALUES (1,'2020-01-01',1,1);
INSERT INTO customer_order (id,operation_time,supermarket_id,customer_id)VALUES (2,'2020-01-01',1,1);
INSERT INTO customer_order (id,operation_time,supermarket_id,customer_id)VALUES (3,'2020-01-01',1,1);
INSERT INTO customer_order (id,operation_time,supermarket_id,customer_id)VALUES (4,'2020-01-01',1,1);
INSERT INTO customer_order (id,operation_time,supermarket_id,customer_id)VALUES (5,'2020-01-01',1,1);
INSERT INTO customer_order (id,operation_time,supermarket_id,customer_id)VALUES (6,'2020-01-01',1,1);
INSERT INTO customer_order (id,operation_time,supermarket_id,customer_id)VALUES (7,'2020-01-01',1,1);
INSERT INTO customer_order (id,operation_time,supermarket_id,customer_id)VALUES (8,'2020-01-01',1,1);
INSERT INTO customer_order (id,operation_time,supermarket_id,customer_id)VALUES (9,'2020-01-01',1,1);
INSERT INTO customer_order (id,operation_time,supermarket_id,customer_id)VALUES (10,'2020-01-01',1,1);
INSERT INTO customer_order (id,operation_time,supermarket_id,customer_id)VALUES (11,'2020-01-01',1,1);
INSERT INTO customer_order (id,operation_time,supermarket_id,customer_id)VALUES (12,'2020-01-01',1,1);
INSERT INTO customer_order (id,operation_time,supermarket_id,customer_id)VALUES (13,'2020-01-01',1,1);
INSERT INTO customer_order (id,operation_time,supermarket_id,customer_id)VALUES (14,'2020-01-01',1,1);
INSERT INTO customer_order (id,operation_time,supermarket_id,customer_id)VALUES (15,'2020-01-01',1,1);
INSERT INTO customer_order (id,operation_time,supermarket_id,customer_id)VALUES (16,'2020-01-01',1,1);
INSERT INTO customer_order (id,operation_time,supermarket_id,customer_id)VALUES (17,'2020-01-01',1,1);
INSERT INTO customer_order (id,operation_time,supermarket_id,customer_id)VALUES (18,'2020-01-01',1,1);
INSERT INTO customer_order (id,operation_time,supermarket_id,customer_id)VALUES (19,'2020-01-01',1,1);
INSERT INTO customer_order (id,operation_time,supermarket_id,customer_id)VALUES (20,'2020-01-01',1,1);
-----------------------------------------------------------------------------------------
INSERT INTO order_details (id,customer_order_id,product_id,price,price_with_discount,product_amount)VALUES (1,1,1,1,0.5,1);
INSERT INTO order_details (id,customer_order_id,product_id,price,price_with_discount,product_amount)VALUES (2,2,1,1,0.5,1);
INSERT INTO order_details (id,customer_order_id,product_id,price,price_with_discount,product_amount)VALUES (3,3,1,1,0.5,1);
INSERT INTO order_details (id,customer_order_id,product_id,price,price_with_discount,product_amount)VALUES (4,4,1,1,0.5,1);
INSERT INTO order_details (id,customer_order_id,product_id,price,price_with_discount,product_amount)VALUES (5,5,1,1,0.5,1);
INSERT INTO order_details (id,customer_order_id,product_id,price,price_with_discount,product_amount)VALUES (6,6,1,1,0.5,1);
INSERT INTO order_details (id,customer_order_id,product_id,price,price_with_discount,product_amount)VALUES (7,7,1,1,0.5,1);
INSERT INTO order_details (id,customer_order_id,product_id,price,price_with_discount,product_amount)VALUES (8,8,1,1,0.5,1);
INSERT INTO order_details (id,customer_order_id,product_id,price,price_with_discount,product_amount)VALUES (9,9,1,1,0.5,1);
INSERT INTO order_details (id,customer_order_id,product_id,price,price_with_discount,product_amount)VALUES (10,10,1,1,0.5,1);
INSERT INTO order_details (id,customer_order_id,product_id,price,price_with_discount,product_amount)VALUES (11,11,1,1,0.5,1);
INSERT INTO order_details (id,customer_order_id,product_id,price,price_with_discount,product_amount)VALUES (12,12,1,1,0.5,1);
INSERT INTO order_details (id,customer_order_id,product_id,price,price_with_discount,product_amount)VALUES (13,13,1,1,0.5,1);
INSERT INTO order_details (id,customer_order_id,product_id,price,price_with_discount,product_amount)VALUES (14,14,1,1,0.5,1);
INSERT INTO order_details (id,customer_order_id,product_id,price,price_with_discount,product_amount)VALUES (15,15,1,1,0.5,1);
INSERT INTO order_details (id,customer_order_id,product_id,price,price_with_discount,product_amount)VALUES (16,16,1,1,0.5,1);
INSERT INTO order_details (id,customer_order_id,product_id,price,price_with_discount,product_amount)VALUES (17,17,1,1,0.5,1);
INSERT INTO order_details (id,customer_order_id,product_id,price,price_with_discount,product_amount)VALUES (18,18,1,1,0.5,1);
INSERT INTO order_details (id,customer_order_id,product_id,price,price_with_discount,product_amount)VALUES (19,19,1,1,0.5,1);
INSERT INTO order_details (id,customer_order_id,product_id,price,price_with_discount,product_amount)VALUES (20,20,1,1,0.5,1);
